<annotation>
	<folder>imagefortools</folder>
	<filename>_e_l_electrolytic-capacitor.jpg</filename>
	<path>C:\Users\emgt1\Downloads\imagefortools\_e_l_electrolytic-capacitor.jpg</path>
	<source>
		<database>Unknown</database>
	</source>
	<size>
		<width>1000</width>
		<height>1000</height>
		<depth>3</depth>
	</size>
	<segmented>0</segmented>
	<object>
		<name>capacitor</name>
		<pose>Unspecified</pose>
		<truncated>0</truncated>
		<difficult>0</difficult>
		<bndbox>
			<xmin>163</xmin>
			<ymin>179</ymin>
			<xmax>779</xmax>
			<ymax>893</ymax>
		</bndbox>
	</object>
</annotation>
