<annotation>
	<folder>imagefortools</folder>
	<filename>battery.jpg</filename>
	<path>C:\Users\emgt1\Downloads\imagefortools\battery.jpg</path>
	<source>
		<database>Unknown</database>
	</source>
	<size>
		<width>1000</width>
		<height>1000</height>
		<depth>3</depth>
	</size>
	<segmented>0</segmented>
	<object>
		<name>battery</name>
		<pose>Unspecified</pose>
		<truncated>1</truncated>
		<difficult>0</difficult>
		<bndbox>
			<xmin>48</xmin>
			<ymin>1</ymin>
			<xmax>911</xmax>
			<ymax>1000</ymax>
		</bndbox>
	</object>
</annotation>
