<annotation>
	<folder>imagefortools</folder>
	<filename>inductor.jpg</filename>
	<path>C:\Users\emgt1\Downloads\imagefortools\inductor.jpg</path>
	<source>
		<database>Unknown</database>
	</source>
	<size>
		<width>244</width>
		<height>207</height>
		<depth>3</depth>
	</size>
	<segmented>0</segmented>
	<object>
		<name>inductor</name>
		<pose>Unspecified</pose>
		<truncated>1</truncated>
		<difficult>0</difficult>
		<bndbox>
			<xmin>1</xmin>
			<ymin>1</ymin>
			<xmax>237</xmax>
			<ymax>194</ymax>
		</bndbox>
	</object>
</annotation>
