<annotation>
	<folder>imagefortools</folder>
	<filename>LED.png</filename>
	<path>C:\Users\emgt1\Downloads\imagefortools\LED.png</path>
	<source>
		<database>Unknown</database>
	</source>
	<size>
		<width>1280</width>
		<height>720</height>
		<depth>3</depth>
	</size>
	<segmented>0</segmented>
	<object>
		<name>LED</name>
		<pose>Unspecified</pose>
		<truncated>0</truncated>
		<difficult>0</difficult>
		<bndbox>
			<xmin>680</xmin>
			<ymin>76</ymin>
			<xmax>1232</xmax>
			<ymax>693</ymax>
		</bndbox>
	</object>
</annotation>
