<annotation>
	<folder>imagefortools</folder>
	<filename>multimeter.jpg</filename>
	<path>C:\Users\emgt1\Downloads\imagefortools\multimeter.jpg</path>
	<source>
		<database>Unknown</database>
	</source>
	<size>
		<width>579</width>
		<height>677</height>
		<depth>3</depth>
	</size>
	<segmented>0</segmented>
	<object>
		<name>multimeter</name>
		<pose>Unspecified</pose>
		<truncated>1</truncated>
		<difficult>0</difficult>
		<bndbox>
			<xmin>39</xmin>
			<ymin>1</ymin>
			<xmax>515</xmax>
			<ymax>671</ymax>
		</bndbox>
	</object>
</annotation>
