<annotation>
	<folder>imagefortools</folder>
	<filename>oscilloscope.jpg</filename>
	<path>C:\Users\emgt1\Downloads\imagefortools\oscilloscope.jpg</path>
	<source>
		<database>Unknown</database>
	</source>
	<size>
		<width>1200</width>
		<height>735</height>
		<depth>3</depth>
	</size>
	<segmented>0</segmented>
	<object>
		<name>oscilloscope</name>
		<pose>Unspecified</pose>
		<truncated>0</truncated>
		<difficult>0</difficult>
		<bndbox>
			<xmin>96</xmin>
			<ymin>6</ymin>
			<xmax>1105</xmax>
			<ymax>720</ymax>
		</bndbox>
	</object>
</annotation>
