<annotation>
	<folder>imagefortools</folder>
	<filename>push-button-led-circuit-1.png</filename>
	<path>C:\Users\emgt1\Downloads\imagefortools\push-button-led-circuit-1.png</path>
	<source>
		<database>Unknown</database>
	</source>
	<size>
		<width>1280</width>
		<height>720</height>
		<depth>3</depth>
	</size>
	<segmented>0</segmented>
	<object>
		<name>push button</name>
		<pose>Unspecified</pose>
		<truncated>0</truncated>
		<difficult>0</difficult>
		<bndbox>
			<xmin>663</xmin>
			<ymin>154</ymin>
			<xmax>1225</xmax>
			<ymax>669</ymax>
		</bndbox>
	</object>
</annotation>
