<annotation>
	<folder>imagefortools</folder>
	<filename>resistor.jpg</filename>
	<path>C:\Users\emgt1\Downloads\imagefortools\resistor.jpg</path>
	<source>
		<database>Unknown</database>
	</source>
	<size>
		<width>500</width>
		<height>500</height>
		<depth>3</depth>
	</size>
	<segmented>0</segmented>
	<object>
		<name>resistor</name>
		<pose>Unspecified</pose>
		<truncated>0</truncated>
		<difficult>0</difficult>
		<bndbox>
			<xmin>21</xmin>
			<ymin>93</ymin>
			<xmax>489</xmax>
			<ymax>420</ymax>
		</bndbox>
	</object>
</annotation>
