<annotation>
	<folder>imagefortools</folder>
	<filename>rheostat.jpg</filename>
	<path>C:\Users\emgt1\Downloads\imagefortools\rheostat.jpg</path>
	<source>
		<database>Unknown</database>
	</source>
	<size>
		<width>1280</width>
		<height>720</height>
		<depth>3</depth>
	</size>
	<segmented>0</segmented>
	<object>
		<name>rheostat</name>
		<pose>Unspecified</pose>
		<truncated>0</truncated>
		<difficult>0</difficult>
		<bndbox>
			<xmin>398</xmin>
			<ymin>204</ymin>
			<xmax>967</xmax>
			<ymax>476</ymax>
		</bndbox>
	</object>
</annotation>
