<annotation>
	<folder>imagefortools</folder>
	<filename>variable-resistor.jpg</filename>
	<path>C:\Users\emgt1\Downloads\imagefortools\variable-resistor.jpg</path>
	<source>
		<database>Unknown</database>
	</source>
	<size>
		<width>421</width>
		<height>500</height>
		<depth>3</depth>
	</size>
	<segmented>0</segmented>
	<object>
		<name>variable resistor</name>
		<pose>Unspecified</pose>
		<truncated>0</truncated>
		<difficult>0</difficult>
		<bndbox>
			<xmin>7</xmin>
			<ymin>82</ymin>
			<xmax>230</xmax>
			<ymax>328</ymax>
		</bndbox>
	</object>
</annotation>
